Object,TripoSR Vertices,TripoSR Faces,TripoSR SurfaceArea,TripoSR FileSize_KB,ShapE Vertices,ShapE Faces,ShapE SurfaceArea,ShapE FileSize_KB,Chamfer Distance
human,30487,60871,0.9793773289112438,1190.69140625,20534,41056,3.6037901341605565,3156.3759765625,1.5583405494689941
ironman,19630,39195,0.6320300015509963,767.03125,22170,44328,3.7940597578371604,3451.8134765625,1.842951774597168
penguin,61505,122811,1.9745373455499333,2401.20703125,96846,193684,16.309328320927637,15322.8232421875,1.217195749282837
pikachu,52044,103957,1.7371542393078525,2032.43359375,57890,115884,9.91324719813049,9106.376953125,1.4494478702545166
robot,75773,151290,2.4902963475562334,2957.88671875,75556,151112,12.910277257760875,11713.892578125,1.3831220865249634
star,27919,55728,0.9647317760766164,1090.296875,110270,220496,16.21826020305236,17146.4091796875,1.5063767433166504
